filepath,sb_id,time_uploaded_to_sb
out_data/mo_nhdhr_xwalk.csv,63659da3d34ebe442507d10b,2022-11-22 02:25 UTC
out_data/study_lakes.zip,63659da3d34ebe442507d10b,2022-11-22 02:25 UTC
out_data/NLDAS_GLM_csv.zip,63659da3d34ebe442507d10b,2022-11-22 02:26 UTC
out_data/temperature_obs.zip,63659da3d34ebe442507d10b,2022-11-22 02:26 UTC
out_data/GLM_uncal_nml.zip,63659da3d34ebe442507d10b,2022-11-28 22:45 UTC
out_data/GLM_cal_nml.zip,63659da3d34ebe442507d10b,2022-11-28 22:45 UTC
out_data/GLM_uncal_profile_results.zip,63659da3d34ebe442507d10b,2022-11-28 22:46 UTC
out_data/GLM_cal_profile_results.zip,63659da3d34ebe442507d10b,2022-11-28 22:46 UTC
out_xml/fgdc_metadata.xml,63659da3d34ebe442507d10b,2022-12-13 16:51 UTC
